{"cameraMode":{"drawMode":0,"name":"Shaded","section":"Shading Mode"},"sceneLighting":true,"audioPlay":false,"sceneViewState":{"showFog":true,"showMaterialUpdate":false,"showSkybox":true,"showFlares":true,"showImageEffects":true,"showParticleSystems":true},"in2DMode":false,"pivot":{"x":-5.144565105438232,"y":1.100890040397644,"z":6.266762733459473},"rotation":{"x":0.14930665493011475,"y":-0.041516147553920749,"z":0.006274524610489607,"w":0.9879005551338196},"size":2.5853028297424318,"orthographic":false}